{
  "project_info": {
    "project_number": "623375440949",
    "project_id": "androidproject-84043",
    "storage_bucket": "androidproject-84043.appspot.com"
  },
  "client": [
    {
      "client_info": {
        "mobilesdk_app_id": "1:623375440949:android:b55e7db5d927e129c5a57c",
        "android_client_info": {
          "package_name": "com.example.firebasetest"
        }
      },
      "oauth_client": [],
      "api_key": [
        {
          "current_key": "AIzaSyCOLlSXpt5oeknmaX1oSptRVCiT0j4vkkY"
        }
      ],
      "services": {
        "appinvite_service": {
          "other_platform_oauth_client": []
        }
      }
    }
  ],
  "configuration_version": "1"
}